gene_id1_cds1	ATG	1	3	1, 2, 3	3	0
gene_id1_cds1	AAA	4	6	4, 5, 6	2.666666666666667	0.333333333333333
gene_id1_cds1	CCC	7	9	7, 8, 9	2	1
gene_id1_cds1	GGG	10	12	10, 11, 12	2	1
gene_id1_cds1	TTT	13	15	13, 14, 15	2.666666666666667	0.333333333333333
gene_id1_cds1	TAA	16	18	16, 17, 18	0	0
