#chr	gene	codon	codon start	codon end	codon positions	codon number	N	S
Chr01	gene00001	ATG	1	3	1, 2, 3	1	3	0
Chr01	gene00001	TTT	4	6	4, 5, 6	2	2.666666666666667	0.333333333333333
Chr01	gene00001	TTC	7	9	7, 8, 9	3	2.666666666666667	0.333333333333333
Chr01	gene00001	TTA	10	12	10, 11, 12	4	2.333333333333334	0.666666666666666
Chr01	gene00001	TTG	16	18	16, 17, 18	5	2.333333333333334	0.666666666666666
Chr01	gene00001	CTT	19	21	19, 20, 21	6	2	1
Chr01	gene00001	CTC	22	24	22, 23, 24	7	2	1
Chr01	gene00001	CTA	25	27	25, 26, 27	8	1.666666666666667	1.333333333333333
