#chr	gene	codon	codon start	codon end	codon positions	codon number	N	S
Chr01	gene00001	ATG	1	3	1, 2, 3	1	3	0
Chr01	gene00001	CTG	4	6	4, 5, 6	2	1.666666666666667	1.333333333333333
Chr01	gene00001	GTC	8	10	8, 9, 10	3	2	1
Chr01	gene00001	ATC	11	13	11, 12, 13	4	2.333333333333333	0.666666666666667
Chr01	gene00001	ACT	16	18	16, 17, 18	5	2	1
Chr01	gene00001	CCT	19	24	19, 20, 24	6	2	1
Chr01	gene00001	GTG	25	27	25, 26, 27	7	2	1
Chr01	gene00002	CAC	28	30	28, 29, 30	1	2.666666666666667	0.333333333333333
Chr01	gene00002	AGG	31	36	31, 35, 36	2	2.333333333333334	0.666666666666666
Chr01	gene00002	AGT	37	39	37, 38, 39	3	2.666666666666667	0.333333333333333
Chr01	gene00002	GAT	42	44	42, 43, 44	4	2.666666666666667	0.333333333333333
Chr01	gene00002	GAC	45	47	45, 46, 47	5	2.666666666666667	0.333333333333333
Chr01	gene00002	CAG	49	51	49, 50, 51	6	2.666666666666667	0.333333333333333
Chr01	gene00002	CAT	52	54	52, 53, 54	7	2.666666666666667	0.333333333333333
